country,iso_code,date,total_vaccinations,people_vaccinated,people_fully_vaccinated,daily_vaccinations_raw,daily_vaccinations,total_vaccinations_per_hundred,people_vaccinated_per_hundred,people_fully_vaccinated_per_hundred,daily_vaccinations_per_million,vaccines,source_name,source_website
India,IND,17-01-2021,224301,224301,,33120,112150,0.02,0.02,,80,"Covaxin, Oxford/AstraZeneca, Sputnik V",Government of India,https://dashboard.cowin.gov.in/
India,IND,18-01-2021,454049,454049,,229748,151350,0.03,0.03,,109,"Covaxin, Oxford/AstraZeneca, Sputnik V",Government of India,https://dashboard.cowin.gov.in/
India,IND,19-01-2021,674835,674835,,220786,168709,0.05,0.05,,121,"Covaxin, Oxford/AstraZeneca, Sputnik V",Government of India,https://dashboard.cowin.gov.in/
India,IND,20-01-2021,806484,806484,,131649,161297,0.06,0.06,,116,"Covaxin, Oxford/AstraZeneca, Sputnik V",Government of India,https://dashboard.cowin.gov.in/
India,IND,21-01-2021,1043534,1043534,,237050,173922,0.07,0.07,,125,"Covaxin, Oxford/AstraZeneca, Sputnik V",Government of India,https://dashboard.cowin.gov.in/
India,IND,22-01-2021,1390592,1390592,,347058,198656,0.1,0.1,,143,"Covaxin, Oxford/AstraZeneca, Sputnik V",Government of India,https://dashboard.cowin.gov.in/
India,IND,23-01-2021,1582201,1582201,,191609,198717,0.11,0.11,,143,"Covaxin, Oxford/AstraZeneca, Sputnik V",Government of India,https://dashboard.cowin.gov.in/
India,IND,24-01-2021,1615504,1615504,,33303,198743,0.12,0.12,,143,"Covaxin, Oxford/AstraZeneca, Sputnik V",Government of India,https://dashboard.cowin.gov.in/
India,IND,25-01-2021,2023809,2023809,,408305,224251,0.15,0.15,,161,"Covaxin, Oxford/AstraZeneca, Sputnik V",Government of India,https://dashboard.cowin.gov.in/
India,IND,26-01-2021,2029480,2029480,,5671,193521,0.15,0.15,,139,"Covaxin, Oxford/AstraZeneca, Sputnik V",Government of India,https://dashboard.cowin.gov.in/
India,IND,27-01-2021,2355979,2355979,,326499,221356,0.17,0.17,,159,"Covaxin, Oxford/AstraZeneca, Sputnik V",Government of India,https://dashboard.cowin.gov.in/
India,IND,28-01-2021,2928053,2928053,,572074,269217,0.21,0.21,,193,"Covaxin, Oxford/AstraZeneca, Sputnik V",Government of India,https://dashboard.cowin.gov.in/
India,IND,29-01-2021,3500027,3500027,,571974,301348,0.25,0.25,,216,"Covaxin, Oxford/AstraZeneca, Sputnik V",Government of India,https://dashboard.cowin.gov.in/
India,IND,30-01-2021,3744334,3744334,,244307,308876,0.27,0.27,,222,"Covaxin, Oxford/AstraZeneca, Sputnik V",Government of India,https://dashboard.cowin.gov.in/
India,IND,31-01-2021,3758843,3758843,,14509,306191,0.27,0.27,,220,"Covaxin, Oxford/AstraZeneca, Sputnik V",Government of India,https://dashboard.cowin.gov.in/
India,IND,01-02-2021,3950156,3950156,,191313,275192,0.28,0.28,,197,"Covaxin, Oxford/AstraZeneca, Sputnik V",Government of India,https://dashboard.cowin.gov.in/
India,IND,02-02-2021,4138918,4138918,,188762,301348,0.3,0.3,,216,"Covaxin, Oxford/AstraZeneca, Sputnik V",Government of India,https://dashboard.cowin.gov.in/
India,IND,03-02-2021,4449552,4449552,,310634,299082,0.32,0.32,,215,"Covaxin, Oxford/AstraZeneca, Sputnik V",Government of India,https://dashboard.cowin.gov.in/
India,IND,04-02-2021,4959445,4959445,,509893,290199,0.36,0.36,,208,"Covaxin, Oxford/AstraZeneca, Sputnik V",Government of India,https://dashboard.cowin.gov.in/
India,IND,05-02-2021,5416849,5416849,,457404,273832,0.39,0.39,,197,"Covaxin, Oxford/AstraZeneca, Sputnik V",Government of India,https://dashboard.cowin.gov.in/
India,IND,06-02-2021,5775322,5775322,,358473,290141,0.41,0.41,,208,"Covaxin, Oxford/AstraZeneca, Sputnik V",Government of India,https://dashboard.cowin.gov.in/
India,IND,07-02-2021,5812362,5812362,,37040,293360,0.42,0.42,,211,"Covaxin, Oxford/AstraZeneca, Sputnik V",Government of India,https://dashboard.cowin.gov.in/
India,IND,08-02-2021,6259008,6259008,,446646,329836,0.45,0.45,,237,"Covaxin, Oxford/AstraZeneca, Sputnik V",Government of India,https://dashboard.cowin.gov.in/
India,IND,09-02-2021,6611561,6611561,,352553,353235,0.47,0.47,,254,"Covaxin, Oxford/AstraZeneca, Sputnik V",Government of India,https://dashboard.cowin.gov.in/
India,IND,10-02-2021,7017114,7017114,,405553,366795,0.5,0.5,,263,"Covaxin, Oxford/AstraZeneca, Sputnik V",Government of India,https://dashboard.cowin.gov.in/
India,IND,11-02-2021,7505010,7505010,,487896,363652,0.54,0.54,,261,"Covaxin, Oxford/AstraZeneca, Sputnik V",Government of India,https://dashboard.cowin.gov.in/
India,IND,12-02-2021,7967647,7967647,,462637,364400,0.57,0.57,,262,"Covaxin, Oxford/AstraZeneca, Sputnik V",Government of India,https://dashboard.cowin.gov.in/
India,IND,13-02-2021,8052454,8044786,7668,84807,325305,0.58,0.58,0,233,"Covaxin, Oxford/AstraZeneca, Sputnik V",Government of India,https://dashboard.cowin.gov.in/
India,IND,14-02-2021,,,,,353179,,,,253,"Covaxin, Oxford/AstraZeneca, Sputnik V",Government of India,https://dashboard.cowin.gov.in/
India,IND,15-02-2021,8516771,8418653,98118,,322538,0.61,0.6,0.01,231,"Covaxin, Oxford/AstraZeneca, Sputnik V",Government of India,https://dashboard.cowin.gov.in/
India,IND,16-02-2021,8857341,8641002,216339,340570,320826,0.64,0.62,0.02,230,"Covaxin, Oxford/AstraZeneca, Sputnik V",Government of India,https://dashboard.cowin.gov.in/
India,IND,17-02-2021,9186757,8844641,342116,329416,309949,0.66,0.63,0.02,222,"Covaxin, Oxford/AstraZeneca, Sputnik V",Government of India,https://dashboard.cowin.gov.in/
India,IND,18-02-2021,9846523,9381591,464932,659766,334502,0.71,0.67,0.03,240,"Covaxin, Oxford/AstraZeneca, Sputnik V",Government of India,https://dashboard.cowin.gov.in/
India,IND,19-02-2021,10449942,9693000,756942,603419,354614,0.75,0.7,0.05,254,"Covaxin, Oxford/AstraZeneca, Sputnik V",Government of India,https://dashboard.cowin.gov.in/
India,IND,20-02-2021,10838323,9964383,873940,388381,397981,0.78,0.72,0.06,286,"Covaxin, Oxford/AstraZeneca, Sputnik V",Government of India,https://dashboard.cowin.gov.in/
India,IND,21-02-2021,11085173,10124531,960642,246850,400080,0.8,0.73,0.07,287,"Covaxin, Oxford/AstraZeneca, Sputnik V",Government of India,https://dashboard.cowin.gov.in/
India,IND,22-02-2021,11424094,10308552,1115542,338921,415332,0.82,0.74,0.08,298,"Covaxin, Oxford/AstraZeneca, Sputnik V",Government of India,https://dashboard.cowin.gov.in/
India,IND,23-02-2021,11907392,10585757,1321635,483298,435722,0.85,0.76,0.09,313,"Covaxin, Oxford/AstraZeneca, Sputnik V",Government of India,https://dashboard.cowin.gov.in/
India,IND,24-02-2021,12366633,10884879,1481754,459241,454268,0.89,0.78,0.11,326,"Covaxin, Oxford/AstraZeneca, Sputnik V",Government of India,https://dashboard.cowin.gov.in/
India,IND,25-02-2021,13067047,11206188,1860859,700414,460075,0.94,0.8,0.13,330,"Covaxin, Oxford/AstraZeneca, Sputnik V",Government of India,https://dashboard.cowin.gov.in/
India,IND,26-02-2021,13756940,11552857,2204083,689893,472428,0.99,0.83,0.16,339,"Covaxin, Oxford/AstraZeneca, Sputnik V",Government of India,https://dashboard.cowin.gov.in/
India,IND,27-02-2021,14242547,11788669,2453878,485607,486318,1.02,0.85,0.18,349,"Covaxin, Oxford/AstraZeneca, Sputnik V",Government of India,https://dashboard.cowin.gov.in/
India,IND,28-02-2021,14301266,11845075,2456191,58719,459442,1.03,0.85,0.18,330,"Covaxin, Oxford/AstraZeneca, Sputnik V",Government of India,https://dashboard.cowin.gov.in/
India,IND,01-03-2021,14854136,12256337,2597799,552870,490006,1.07,0.88,0.19,352,"Covaxin, Oxford/AstraZeneca, Sputnik V",Government of India,https://dashboard.cowin.gov.in/
India,IND,02-03-2021,15620749,12906771,2713978,766613,530480,1.12,0.93,0.19,381,"Covaxin, Oxford/AstraZeneca, Sputnik V",Government of India,https://dashboard.cowin.gov.in/
India,IND,03-03-2021,16616048,13739121,2876927,995299,607059,1.19,0.99,0.21,436,"Covaxin, Oxford/AstraZeneca, Sputnik V",Government of India,https://dashboard.cowin.gov.in/
India,IND,04-03-2021,18005503,14796835,3208668,1389455,705494,1.29,1.06,0.23,506,"Covaxin, Oxford/AstraZeneca, Sputnik V",Government of India,https://dashboard.cowin.gov.in/
India,IND,05-03-2021,19497704,15996683,3501021,1492201,820109,1.4,1.15,0.25,589,"Covaxin, Oxford/AstraZeneca, Sputnik V",Government of India,https://dashboard.cowin.gov.in/
India,IND,06-03-2021,20922344,17168303,3754041,1424640,954257,1.5,1.23,0.27,685,"Covaxin, Oxford/AstraZeneca, Sputnik V",Government of India,https://dashboard.cowin.gov.in/
India,IND,07-03-2021,20989010,17227903,3761107,66666,955392,1.51,1.24,0.27,686,"Covaxin, Oxford/AstraZeneca, Sputnik V",Government of India,https://dashboard.cowin.gov.in/
India,IND,08-03-2021,23008733,18943283,4065450,2019723,1164942,1.65,1.36,0.29,836,"Covaxin, Oxford/AstraZeneca, Sputnik V",Government of India,https://dashboard.cowin.gov.in/
India,IND,09-03-2021,24367906,20004227,4363679,1359173,1249594,1.75,1.44,0.31,897,"Covaxin, Oxford/AstraZeneca, Sputnik V",Government of India,https://dashboard.cowin.gov.in/
India,IND,10-03-2021,25685011,21034481,4650530,1317105,1295566,1.84,1.51,0.33,930,"Covaxin, Oxford/AstraZeneca, Sputnik V",Government of India,https://dashboard.cowin.gov.in/
India,IND,11-03-2021,26164920,21435841,4729079,479909,1165631,1.88,1.54,0.34,837,"Covaxin, Oxford/AstraZeneca, Sputnik V",Government of India,https://dashboard.cowin.gov.in/
India,IND,12-03-2021,28218457,23075504,5142953,2053537,1245822,2.03,1.66,0.37,894,"Covaxin, Oxford/AstraZeneca, Sputnik V",Government of India,https://dashboard.cowin.gov.in/
India,IND,13-03-2021,29738409,24307635,5430774,1519952,1259438,2.13,1.74,0.39,904,"Covaxin, Oxford/AstraZeneca, Sputnik V",Government of India,https://dashboard.cowin.gov.in/
India,IND,14-03-2021,29908038,24452385,5455653,169629,1274147,2.15,1.75,0.39,914,"Covaxin, Oxford/AstraZeneca, Sputnik V",Government of India,https://dashboard.cowin.gov.in/
India,IND,15-03-2021,32947432,27079484,5867948,3039394,1419814,2.36,1.94,0.42,1019,"Covaxin, Oxford/AstraZeneca, Sputnik V",Government of India,https://dashboard.cowin.gov.in/
India,IND,16-03-2021,35064536,28862037,6202499,2117104,1528090,2.52,2.07,0.45,1097,"Covaxin, Oxford/AstraZeneca, Sputnik V",Government of India,https://dashboard.cowin.gov.in/
India,IND,17-03-2021,37143255,30600787,6542468,2078719,1636892,2.67,2.2,0.47,1175,"Covaxin, Oxford/AstraZeneca, Sputnik V",Government of India,https://dashboard.cowin.gov.in/
India,IND,18-03-2021,39339817,32426230,6913587,2196562,1882128,2.82,2.33,0.5,1351,"Covaxin, Oxford/AstraZeneca, Sputnik V",Government of India,https://dashboard.cowin.gov.in/
India,IND,19-03-2021,42063392,34842030,7221362,2723575,1977848,3.02,2.5,0.52,1419,"Covaxin, Oxford/AstraZeneca, Sputnik V",Government of India,https://dashboard.cowin.gov.in/
India,IND,20-03-2021,44603841,37125187,7478654,2540449,2123633,3.2,2.66,0.54,1524,"Covaxin, Oxford/AstraZeneca, Sputnik V",Government of India,https://dashboard.cowin.gov.in/
India,IND,21-03-2021,45065998,37574302,7491696,462157,2165423,3.23,2.7,0.54,1554,"Covaxin, Oxford/AstraZeneca, Sputnik V",Government of India,https://dashboard.cowin.gov.in/
India,IND,22-03-2021,48494594,40631153,7863441,3428596,2221023,3.48,2.92,0.56,1594,"Covaxin, Oxford/AstraZeneca, Sputnik V",Government of India,https://dashboard.cowin.gov.in/
India,IND,23-03-2021,50841286,42731952,8109334,2346692,2253821,3.65,3.07,0.58,1617,"Covaxin, Oxford/AstraZeneca, Sputnik V",Government of India,https://dashboard.cowin.gov.in/
India,IND,24-03-2021,53145709,44846538,8299171,2304423,2286065,3.81,3.22,0.6,1641,"Covaxin, Oxford/AstraZeneca, Sputnik V",Government of India,https://dashboard.cowin.gov.in/
India,IND,25-03-2021,55504440,47001472,8502968,2358731,2309232,3.98,3.37,0.61,1657,"Covaxin, Oxford/AstraZeneca, Sputnik V",Government of India,https://dashboard.cowin.gov.in/
India,IND,26-03-2021,58109773,49426618,8683155,2605333,2292340,4.17,3.55,0.62,1645,"Covaxin, Oxford/AstraZeneca, Sputnik V",Government of India,https://dashboard.cowin.gov.in/
India,IND,27-03-2021,60269782,51441436,8828346,2160009,2237992,4.33,3.69,0.63,1606,"Covaxin, Oxford/AstraZeneca, Sputnik V",Government of India,https://dashboard.cowin.gov.in/
India,IND,28-03-2021,60530435,51660234,8870201,260653,2209205,4.34,3.71,0.64,1585,"Covaxin, Oxford/AstraZeneca, Sputnik V",Government of India,https://dashboard.cowin.gov.in/
India,IND,29-03-2021,61113354,52211398,8901956,582919,1802680,4.39,3.75,0.64,1294,"Covaxin, Oxford/AstraZeneca, Sputnik V",Government of India,https://dashboard.cowin.gov.in/
India,IND,30-03-2021,63054353,53989035,9065318,1940999,1744724,4.53,3.87,0.65,1252,"Covaxin, Oxford/AstraZeneca, Sputnik V",Government of India,https://dashboard.cowin.gov.in/
India,IND,31-03-2021,65117896,55783201,9334695,2063543,1710312,4.67,4,0.67,1227,"Covaxin, Oxford/AstraZeneca, Sputnik V",Government of India,https://dashboard.cowin.gov.in/
India,IND,01-04-2021,68789138,59148798,9640340,3671242,1897814,4.94,4.24,0.69,1362,"Covaxin, Oxford/AstraZeneca, Sputnik V",Government of India,https://dashboard.cowin.gov.in/
India,IND,02-04-2021,73054295,63081589,9972706,4265157,2134932,5.24,4.53,0.72,1532,"Covaxin, Oxford/AstraZeneca, Sputnik V",Government of India,https://dashboard.cowin.gov.in/
India,IND,03-04-2021,75979651,65739470,10240181,2925356,2244267,5.45,4.72,0.73,1611,"Covaxin, Oxford/AstraZeneca, Sputnik V",Government of India,https://dashboard.cowin.gov.in/
India,IND,04-04-2021,79105163,68678838,10426325,3125512,2653533,5.68,4.93,0.75,1904,"Covaxin, Oxford/AstraZeneca, Sputnik V",Government of India,https://dashboard.cowin.gov.in/
India,IND,05-04-2021,83110926,72277309,10833617,4005763,3142510,5.96,5.19,0.78,2255,"Covaxin, Oxford/AstraZeneca, Sputnik V",Government of India,https://dashboard.cowin.gov.in/
India,IND,06-04-2021,87077474,75937015,11140459,3966548,3431874,6.25,5.45,0.8,2463,"Covaxin, Oxford/AstraZeneca, Sputnik V",Government of India,https://dashboard.cowin.gov.in/
India,IND,07-04-2021,90198673,78763027,11435646,3121199,3582968,6.47,5.65,0.82,2571,"Covaxin, Oxford/AstraZeneca, Sputnik V",Government of India,https://dashboard.cowin.gov.in/
India,IND,08-04-2021,94334262,82456522,11877740,4135589,3649303,6.77,5.92,0.85,2619,"Covaxin, Oxford/AstraZeneca, Sputnik V",Government of India,https://dashboard.cowin.gov.in/
India,IND,09-04-2021,98075160,85763852,12311308,3740898,3574409,7.04,6.15,0.88,2565,"Covaxin, Oxford/AstraZeneca, Sputnik V",Government of India,https://dashboard.cowin.gov.in/
India,IND,10-04-2021,101595147,88885961,12709186,3519987,3659357,7.29,6.38,0.91,2626,"Covaxin, Oxford/AstraZeneca, Sputnik V",Government of India,https://dashboard.cowin.gov.in/
India,IND,11-04-2021,104528565,91587400,12941165,2933418,3631915,7.5,6.57,0.93,2606,"Covaxin, Oxford/AstraZeneca, Sputnik V",Government of India,https://dashboard.cowin.gov.in/
India,IND,12-04-2021,108533085,95043039,13490046,4004520,3631737,7.79,6.82,0.97,2606,"Covaxin, Oxford/AstraZeneca, Sputnik V",Government of India,https://dashboard.cowin.gov.in/
India,IND,13-04-2021,111179578,97301914,13877664,2646493,3443158,7.98,6.98,1,2471,"Covaxin, Oxford/AstraZeneca, Sputnik V",Government of India,https://dashboard.cowin.gov.in/
India,IND,14-04-2021,114493238,100179199,14314039,3313660,3470652,8.22,7.19,1.03,2491,"Covaxin, Oxford/AstraZeneca, Sputnik V",Government of India,https://dashboard.cowin.gov.in/
India,IND,15-04-2021,117223509,102349255,14874254,2730271,3269892,8.41,7.35,1.07,2347,"Covaxin, Oxford/AstraZeneca, Sputnik V",Government of India,https://dashboard.cowin.gov.in/
India,IND,16-04-2021,119937641,104408484,15529157,2714132,3123212,8.61,7.49,1.11,2241,"Covaxin, Oxford/AstraZeneca, Sputnik V",Government of India,https://dashboard.cowin.gov.in/
India,IND,17-04-2021,122622590,106431076,16191514,2684949,3003920,8.8,7.64,1.16,2156,"Covaxin, Oxford/AstraZeneca, Sputnik V",Government of India,https://dashboard.cowin.gov.in/
India,IND,18-04-2021,123852566,107371770,16480796,1229976,2760572,8.89,7.71,1.18,1981,"Covaxin, Oxford/AstraZeneca, Sputnik V",Government of India,https://dashboard.cowin.gov.in/
India,IND,19-04-2021,127129113,109659181,17469932,3276547,2656575,9.12,7.87,1.25,1907,"Covaxin, Oxford/AstraZeneca, Sputnik V",Government of India,https://dashboard.cowin.gov.in/
India,IND,20-04-2021,,,,,2458290,,,,1764,"Covaxin, Oxford/AstraZeneca, Sputnik V",Government of India,https://dashboard.cowin.gov.in/
India,IND,21-04-2021,129646105,111673361,17972744,,2164695,9.3,8.01,1.29,1554,"Covaxin, Oxford/AstraZeneca, Sputnik V",Government of India,https://dashboard.cowin.gov.in/
India,IND,22-04-2021,132754608,113584269,19170339,3108503,2218728,9.53,8.15,1.38,1592,"Covaxin, Oxford/AstraZeneca, Sputnik V",Government of India,https://dashboard.cowin.gov.in/
India,IND,23-04-2021,,,,,2137213,,,,1534,"Covaxin, Oxford/AstraZeneca, Sputnik V",Government of India,https://dashboard.cowin.gov.in/
India,IND,24-04-2021,,,,,2059866,,,,1478,"Covaxin, Oxford/AstraZeneca, Sputnik V",Government of India,https://dashboard.cowin.gov.in/
India,IND,25-04-2021,139185173,117795008,21390165,,2190372,9.99,8.45,1.54,1572,"Covaxin, Oxford/AstraZeneca, Sputnik V",Government of India,https://dashboard.cowin.gov.in/
India,IND,26-04-2021,142524947,119886252,22638695,3339774,2199405,10.23,8.6,1.62,1578,"Covaxin, Oxford/AstraZeneca, Sputnik V",Government of India,https://dashboard.cowin.gov.in/
India,IND,27-04-2021,144879233,121263287,23615946,2354286,2355946,10.4,8.7,1.69,1691,"Covaxin, Oxford/AstraZeneca, Sputnik V",Government of India,https://dashboard.cowin.gov.in/
India,IND,28-04-2021,147053392,122538179,24515213,2174159,2486755,10.55,8.79,1.76,1785,"Covaxin, Oxford/AstraZeneca, Sputnik V",Government of India,https://dashboard.cowin.gov.in/
India,IND,29-04-2021,149268772,123811908,25456864,2215380,2359166,10.71,8.89,1.83,1693,"Covaxin, Oxford/AstraZeneca, Sputnik V",Government of India,https://dashboard.cowin.gov.in/
India,IND,30-04-2021,151998107,125376952,26621155,2729335,2442854,10.91,9,1.91,1753,"Covaxin, Oxford/AstraZeneca, Sputnik V",Government of India,https://dashboard.cowin.gov.in/
India,IND,01-05-2021,153626325,126328970,27297355,1628218,2369239,11.03,9.07,1.96,1700,"Covaxin, Oxford/AstraZeneca, Sputnik V",Government of India,https://dashboard.cowin.gov.in/
India,IND,02-05-2021,154211511,126704151,27507360,585186,2146620,11.07,9.09,1.97,1541,"Covaxin, Oxford/AstraZeneca, Sputnik V",Government of India,https://dashboard.cowin.gov.in/
India,IND,03-05-2021,156082136,127696675,28385461,1870625,1936741,11.2,9.16,2.04,1390,"Covaxin, Oxford/AstraZeneca, Sputnik V",Government of India,https://dashboard.cowin.gov.in/
India,IND,04-05-2021,157750752,128627919,29122833,1668616,1838788,11.32,9.23,2.09,1320,"Covaxin, Oxford/AstraZeneca, Sputnik V",Government of India,https://dashboard.cowin.gov.in/
India,IND,05-05-2021,159931238,129730641,30200597,2180486,1839692,11.48,9.31,2.17,1320,"Covaxin, Oxford/AstraZeneca, Sputnik V",Government of India,https://dashboard.cowin.gov.in/
India,IND,06-05-2021,162603603,131058890,31544713,2672365,1904976,11.67,9.41,2.26,1367,"Covaxin, Oxford/AstraZeneca, Sputnik V",Government of India,https://dashboard.cowin.gov.in/
India,IND,07-05-2021,165190000,132294827,32895173,2586397,1884556,11.86,9.49,2.36,1352,"Covaxin, Oxford/AstraZeneca, Sputnik V",Government of India,https://dashboard.cowin.gov.in/
India,IND,08-05-2021,167493857,133366482,34127375,2303857,1981076,12.02,9.57,2.45,1422,"Covaxin, Oxford/AstraZeneca, Sputnik V",Government of India,https://dashboard.cowin.gov.in/
India,IND,09-05-2021,168304868,133854676,34450192,811011,2013337,12.08,9.61,2.47,1445,"Covaxin, Oxford/AstraZeneca, Sputnik V",Government of India,https://dashboard.cowin.gov.in/
India,IND,10-05-2021,171098918,135192013,35906905,2794050,2145255,12.28,9.7,2.58,1540,"Covaxin, Oxford/AstraZeneca, Sputnik V",Government of India,https://dashboard.cowin.gov.in/
India,IND,11-05-2021,173862643,136557345,37305298,2763725,2301699,12.48,9.8,2.68,1652,"Covaxin, Oxford/AstraZeneca, Sputnik V",Government of India,https://dashboard.cowin.gov.in/
India,IND,12-05-2021,176045577,137805245,38240332,2182934,2302048,12.63,9.89,2.74,1652,"Covaxin, Oxford/AstraZeneca, Sputnik V",Government of India,https://dashboard.cowin.gov.in/
India,IND,13-05-2021,178361846,139087590,39274256,2316269,2251178,12.8,9.98,2.82,1616,"Covaxin, Oxford/AstraZeneca, Sputnik V",Government of India,https://dashboard.cowin.gov.in/
India,IND,14-05-2021,179646413,139861462,39784951,1284567,2065202,12.89,10.04,2.86,1482,"Covaxin, Oxford/AstraZeneca, Sputnik V",Government of India,https://dashboard.cowin.gov.in/
India,IND,15-05-2021,181544536,141132112,40412424,1898123,2007240,13.03,10.13,2.9,1441,"Covaxin, Oxford/AstraZeneca, Sputnik V",Government of India,https://dashboard.cowin.gov.in/
India,IND,16-05-2021,182251006,141764335,40486671,706470,1992305,13.08,10.17,2.91,1430,"Covaxin, Oxford/AstraZeneca, Sputnik V",Government of India,https://dashboard.cowin.gov.in/
India,IND,17-05-2021,183817204,143090218,40726986,1566198,1816898,13.19,10.27,2.92,1304,"Covaxin, Oxford/AstraZeneca, Sputnik V",Government of India,https://dashboard.cowin.gov.in/
India,IND,18-05-2021,185191602,144270200,40921402,1374398,1618423,13.29,10.35,2.94,1161,"Covaxin, Oxford/AstraZeneca, Sputnik V",Government of India,https://dashboard.cowin.gov.in/
India,IND,19-05-2021,186410600,145333606,41076994,1218998,1480718,13.38,10.43,2.95,1063,"Covaxin, Oxford/AstraZeneca, Sputnik V",Government of India,https://dashboard.cowin.gov.in/
India,IND,20-05-2021,187886885,146624652,41262233,1476285,1360720,13.48,10.52,2.96,977,"Covaxin, Oxford/AstraZeneca, Sputnik V",Government of India,https://dashboard.cowin.gov.in/
India,IND,21-05-2021,,,,,1388325,,,,996,"Covaxin, Oxford/AstraZeneca, Sputnik V",Government of India,https://dashboard.cowin.gov.in/
India,IND,22-05-2021,190842497,149219616,41622881,,1328280,13.7,10.71,2.99,953,"Covaxin, Oxford/AstraZeneca, Sputnik V",Government of India,https://dashboard.cowin.gov.in/
India,IND,23-05-2021,191719240,150033188,41686052,876743,1352605,13.76,10.77,2.99,971,"Covaxin, Oxford/AstraZeneca, Sputnik V",Government of India,https://dashboard.cowin.gov.in/
India,IND,24-05-2021,194165711,152301505,41864206,2446471,1478358,13.93,10.93,3,1061,"Covaxin, Oxford/AstraZeneca, Sputnik V",Government of India,https://dashboard.cowin.gov.in/
India,IND,25-05-2021,195506779,153511379,41995400,1341068,1473597,14.03,11.02,3.01,1058,"Covaxin, Oxford/AstraZeneca, Sputnik V",Government of India,https://dashboard.cowin.gov.in/
India,IND,26-05-2021,198425615,156189641,42235974,2918836,1716431,14.24,11.21,3.03,1232,"Covaxin, Oxford/AstraZeneca, Sputnik V",Government of India,https://dashboard.cowin.gov.in/
India,IND,27-05-2021,201203166,158783606,42419560,2777551,1902326,14.44,11.4,3.04,1365,"Covaxin, Oxford/AstraZeneca, Sputnik V",Government of India,https://dashboard.cowin.gov.in/
India,IND,28-05-2021,203166802,160605562,42561240,1963636,1971730,14.58,11.53,3.05,1415,"Covaxin, Oxford/AstraZeneca, Sputnik V",Government of India,https://dashboard.cowin.gov.in/
India,IND,29-05-2021,207088953,164158704,42930249,3922151,2320922,14.86,11.78,3.08,1666,"Covaxin, Oxford/AstraZeneca, Sputnik V",Government of India,https://dashboard.cowin.gov.in/
India,IND,30-05-2021,208665123,165598013,43067110,1576170,2420840,14.98,11.88,3.09,1737,"Covaxin, Oxford/AstraZeneca, Sputnik V",Government of India,https://dashboard.cowin.gov.in/
India,IND,31-05-2021,210449895,167191085,43258810,1784772,2326312,15.1,12,3.1,1670,"Covaxin, Oxford/AstraZeneca, Sputnik V",Government of India,https://dashboard.cowin.gov.in/
India,IND,01-06-2021,213135738,169585180,43550558,2685843,2518423,15.3,12.17,3.13,1807,"Covaxin, Oxford/AstraZeneca, Sputnik V",Government of India,https://dashboard.cowin.gov.in/
India,IND,02-06-2021,215678166,171866824,43811342,2542428,2464650,15.48,12.33,3.14,1769,"Covaxin, Oxford/AstraZeneca, Sputnik V",Government of India,https://dashboard.cowin.gov.in/
India,IND,03-06-2021,218344384,174296917,44047467,2666218,2448745,15.67,12.51,3.16,1757,"Covaxin, Oxford/AstraZeneca, Sputnik V",Government of India,https://dashboard.cowin.gov.in/
India,IND,04-06-2021,223607768,179172948,44434820,5263384,2920138,16.05,12.86,3.19,2096,"Covaxin, Oxford/AstraZeneca, Sputnik V",Government of India,https://dashboard.cowin.gov.in/
India,IND,05-06-2021,225571144,180972102,44599042,1963376,2640313,16.19,12.99,3.2,1895,"Covaxin, Oxford/AstraZeneca, Sputnik V",Government of India,https://dashboard.cowin.gov.in/
India,IND,06-06-2021,228041045,183275704,44765341,2469901,2767989,16.37,13.15,3.21,1986,"Covaxin, Oxford/AstraZeneca, Sputnik V",Government of India,https://dashboard.cowin.gov.in/
India,IND,07-06-2021,230490652,185501579,44989073,2449607,2862965,16.54,13.31,3.23,2055,"Covaxin, Oxford/AstraZeneca, Sputnik V",Government of India,https://dashboard.cowin.gov.in/
India,IND,08-06-2021,233680929,188363894,45317035,3190277,2935027,16.77,13.52,3.25,2106,"Covaxin, Oxford/AstraZeneca, Sputnik V",Government of India,https://dashboard.cowin.gov.in/
India,IND,09-06-2021,236856505,191222380,45634125,3175576,3025477,17,13.72,3.27,2171,"Covaxin, Oxford/AstraZeneca, Sputnik V",Government of India,https://dashboard.cowin.gov.in/
India,IND,10-06-2021,240281903,194325996,45955907,3425398,3133931,17.24,13.95,3.3,2249,"Covaxin, Oxford/AstraZeneca, Sputnik V",Government of India,https://dashboard.cowin.gov.in/
India,IND,11-06-2021,243703242,197415653,46287589,3421339,2870782,17.49,14.17,3.32,2060,"Covaxin, Oxford/AstraZeneca, Sputnik V",Government of India,https://dashboard.cowin.gov.in/
India,IND,12-06-2021,246188067,199655293,46532774,2484825,2945275,17.67,14.33,3.34,2114,"Covaxin, Oxford/AstraZeneca, Sputnik V",Government of India,https://dashboard.cowin.gov.in/
India,IND,13-06-2021,249430416,202572835,46857581,3242349,3055624,17.9,14.54,3.36,2193,"Covaxin, Oxford/AstraZeneca, Sputnik V",Government of India,https://dashboard.cowin.gov.in/
India,IND,14-06-2021,252760364,205571046,47189318,3329948,3181387,18.14,14.75,3.39,2283,"Covaxin, Oxford/AstraZeneca, Sputnik V",Government of India,https://dashboard.cowin.gov.in/
India,IND,15-06-2021,255305366,207830971,47474395,2545002,3089205,18.32,14.92,3.41,2217,"Covaxin, Oxford/AstraZeneca, Sputnik V",Government of India,https://dashboard.cowin.gov.in/
India,IND,16-06-2021,258325900,210442950,47882950,3020534,3067056,18.54,15.1,3.44,2201,"Covaxin, Oxford/AstraZeneca, Sputnik V",Government of India,https://dashboard.cowin.gov.in/
India,IND,17-06-2021,262970250,214553189,48417061,4644350,3241192,18.87,15.4,3.47,2326,"Covaxin, Oxford/AstraZeneca, Sputnik V",Government of India,https://dashboard.cowin.gov.in/
India,IND,18-06-2021,266355940,217542993,48812947,3385690,3236100,19.12,15.61,3.5,2322,"Covaxin, Oxford/AstraZeneca, Sputnik V",Government of India,https://dashboard.cowin.gov.in/
India,IND,19-06-2021,270908312,221493259,49415053,4552372,3531464,19.44,15.9,3.55,2534,"Covaxin, Oxford/AstraZeneca, Sputnik V",Government of India,https://dashboard.cowin.gov.in/
India,IND,20-06-2021,274286599,224541283,49745316,3378287,3550883,19.68,16.11,3.57,2548,"Covaxin, Oxford/AstraZeneca, Sputnik V",Government of India,https://dashboard.cowin.gov.in/
India,IND,21-06-2021,283313942,232744813,50569129,9027343,4364797,20.33,16.7,3.63,3132,"Covaxin, Oxford/AstraZeneca, Sputnik V",Government of India,https://dashboard.cowin.gov.in/
India,IND,22-06-2021,289855456,238586187,51269269,6541514,4935727,20.8,17.12,3.68,3542,"Covaxin, Oxford/AstraZeneca, Sputnik V",Government of India,https://dashboard.cowin.gov.in/
India,IND,23-06-2021,293370338,241720520,51649818,3514882,5006348,21.05,17.35,3.71,3593,"Covaxin, Oxford/AstraZeneca, Sputnik V",Government of India,https://dashboard.cowin.gov.in/
India,IND,24-06-2021,300054027,247652194,52401833,6683689,5297682,21.53,17.77,3.76,3802,"Covaxin, Oxford/AstraZeneca, Sputnik V",Government of India,https://dashboard.cowin.gov.in/
India,IND,25-06-2021,306661528,253359907,53301621,6607501,5757941,22.01,18.18,3.83,4132,"Covaxin, Oxford/AstraZeneca, Sputnik V",Government of India,https://dashboard.cowin.gov.in/
India,IND,26-06-2021,314841384,260253182,54588202,8179856,6276153,22.6,18.68,3.92,4504,"Covaxin, Oxford/AstraZeneca, Sputnik V",Government of India,https://dashboard.cowin.gov.in/
India,IND,27-06-2021,318030412,262916313,55114099,3189028,6249116,22.82,18.87,3.96,4485,"Covaxin, Oxford/AstraZeneca, Sputnik V",Government of India,https://dashboard.cowin.gov.in/
India,IND,28-06-2021,321423578,265545768,55877810,3393166,5444234,23.07,19.06,4.01,3907,"Covaxin, Oxford/AstraZeneca, Sputnik V",Government of India,https://dashboard.cowin.gov.in/
India,IND,29-06-2021,327423913,270178001,57245912,6000335,5366922,23.5,19.39,4.11,3852,"Covaxin, Oxford/AstraZeneca, Sputnik V",Government of India,https://dashboard.cowin.gov.in/
India,IND,30-06-2021,329158139,271410023,57748116,1734226,5112543,23.62,19.48,4.14,3669,"Covaxin, Oxford/AstraZeneca, Sputnik V",Government of India,https://dashboard.cowin.gov.in/
India,IND,01-07-2021,334741649,275693081,59048568,5583510,4955375,24.02,19.79,4.24,3556,"Covaxin, Oxford/AstraZeneca, Sputnik V",Government of India,https://dashboard.cowin.gov.in/
India,IND,02-07-2021,335671794,276339011,59332783,930145,4144324,24.09,19.83,4.26,2974,"Covaxin, Oxford/AstraZeneca, Sputnik V",Government of India,https://dashboard.cowin.gov.in/
India,IND,03-07-2021,344300590,282231365,62069225,8628796,4208458,24.71,20.25,4.45,3020,"Covaxin, Oxford/AstraZeneca, Sputnik V",Government of India,https://dashboard.cowin.gov.in/
India,IND,04-07-2021,347378550,284455266,62923284,3077960,4192591,24.93,20.41,4.52,3009,"Covaxin, Oxford/AstraZeneca, Sputnik V",Government of India,https://dashboard.cowin.gov.in/
India,IND,05-07-2021,351229497,286751758,64477739,3850947,4257988,25.21,20.58,4.63,3056,"Covaxin, Oxford/AstraZeneca, Sputnik V",Government of India,https://dashboard.cowin.gov.in/
India,IND,06-07-2021,354307646,288782557,65525089,3078149,3840533,25.43,20.72,4.7,2756,"Covaxin, Oxford/AstraZeneca, Sputnik V",Government of India,https://dashboard.cowin.gov.in/
India,IND,07-07-2021,358070763,291184757,66886006,3763117,4130375,25.7,20.9,4.8,2964,"Covaxin, Oxford/AstraZeneca, Sputnik V",Government of India,https://dashboard.cowin.gov.in/
India,IND,08-07-2021,368991222,298678913,70312309,10920459,4892796,26.48,21.44,5.05,3511,"Covaxin, Oxford/AstraZeneca, Sputnik V",Government of India,https://dashboard.cowin.gov.in/
India,IND,09-07-2021,,,,,5262873,,,,3777,"Covaxin, Oxford/AstraZeneca, Sputnik V",Government of India,https://dashboard.cowin.gov.in/
India,IND,10-07-2021,376032586,303171498,72861088,,4533142,26.99,21.76,5.23,3253,"Covaxin, Oxford/AstraZeneca, Sputnik V",Government of India,https://dashboard.cowin.gov.in/
India,IND,11-07-2021,377352501,304018852,73333649,1319915,4281993,27.08,21.82,5.26,3073,"Covaxin, Oxford/AstraZeneca, Sputnik V",Government of India,https://dashboard.cowin.gov.in/
India,IND,12-07-2021,381467646,306612781,74854865,4115145,4319736,27.38,22,5.37,3100,"Covaxin, Oxford/AstraZeneca, Sputnik V",Government of India,https://dashboard.cowin.gov.in/
India,IND,13-07-2021,387697935,311387539,76310396,6230289,4770041,27.82,22.35,5.48,3423,"Covaxin, Oxford/AstraZeneca, Sputnik V",Government of India,https://dashboard.cowin.gov.in/
India,IND,14-07-2021,391340491,313529502,77810989,3642556,4752818,28.09,22.5,5.58,3411,"Covaxin, Oxford/AstraZeneca, Sputnik V",Government of India,https://dashboard.cowin.gov.in/
India,IND,15-07-2021,395343767,316116189,79227578,4003276,3764649,28.37,22.69,5.69,2702,"Covaxin, Oxford/AstraZeneca, Sputnik V",Government of India,https://dashboard.cowin.gov.in/
India,IND,16-07-2021,399695879,318665226,81030653,4352112,3883425,28.68,22.87,5.82,2787,"Covaxin, Oxford/AstraZeneca, Sputnik V",Government of India,https://dashboard.cowin.gov.in/
India,IND,17-07-2021,404931715,321893762,83037953,5235836,4128447,29.06,23.1,5.96,2963,"Covaxin, Oxford/AstraZeneca, Sputnik V",Government of India,https://dashboard.cowin.gov.in/
India,IND,18-07-2021,,,,,4433794,,,,3182,"Covaxin, Oxford/AstraZeneca, Sputnik V",Government of India,https://dashboard.cowin.gov.in/
India,IND,19-07-2021,411846401,326392783,85453618,,4339822,29.56,23.42,6.13,3115,"Covaxin, Oxford/AstraZeneca, Sputnik V",Government of India,https://dashboard.cowin.gov.in/
India,IND,20-07-2021,415472455,328716212,86756243,3626054,3967789,29.82,23.59,6.23,2848,"Covaxin, Oxford/AstraZeneca, Sputnik V",Government of India,https://dashboard.cowin.gov.in/
India,IND,21-07-2021,417851151,330259212,87591939,2378696,3787237,29.99,23.7,6.29,2718,"Covaxin, Oxford/AstraZeneca, Sputnik V",Government of India,https://dashboard.cowin.gov.in/
India,IND,22-07-2021,423417030,333945151,89471879,5565879,4010466,30.39,23.97,6.42,2878,"Covaxin, Oxford/AstraZeneca, Sputnik V",Government of India,https://dashboard.cowin.gov.in/
India,IND,23-07-2021,427882261,336819816,91062445,4465231,4026626,30.71,24.17,6.54,2890,"Covaxin, Oxford/AstraZeneca, Sputnik V",Government of India,https://dashboard.cowin.gov.in/
India,IND,24-07-2021,433150864,340387695,92763169,5268603,4031307,31.09,24.43,6.66,2893,"Covaxin, Oxford/AstraZeneca, Sputnik V",Government of India,https://dashboard.cowin.gov.in/
India,IND,25-07-2021,435196001,341802707,93393294,2045137,3829563,31.23,24.53,6.7,2748,"Covaxin, Oxford/AstraZeneca, Sputnik V",Government of India,https://dashboard.cowin.gov.in/
India,IND,26-07-2021,441912395,346516149,95396246,6716394,4295142,31.71,24.87,6.85,3082,"Covaxin, Oxford/AstraZeneca, Sputnik V",Government of India,https://dashboard.cowin.gov.in/
India,IND,27-07-2021,446156659,349324061,96832598,4244264,4383458,32.02,25.07,6.95,3146,"Covaxin, Oxford/AstraZeneca, Sputnik V",Government of India,https://dashboard.cowin.gov.in/
India,IND,28-07-2021,450706257,352545271,98160986,4549598,4693587,32.35,25.3,7.04,3368,"Covaxin, Oxford/AstraZeneca, Sputnik V",Government of India,https://dashboard.cowin.gov.in/
India,IND,29-07-2021,456033754,356140739,99893015,5327497,4659532,32.73,25.56,7.17,3344,"Covaxin, Oxford/AstraZeneca, Sputnik V",Government of India,https://dashboard.cowin.gov.in/
India,IND,30-07-2021,461518479,359820313,101698166,5484725,4805174,33.12,25.82,7.3,3449,"Covaxin, Oxford/AstraZeneca, Sputnik V",Government of India,https://dashboard.cowin.gov.in/
India,IND,31-07-2021,,,,,4817171,,,,3457,"Covaxin, Oxford/AstraZeneca, Sputnik V",Government of India,https://dashboard.cowin.gov.in/
India,IND,01-08-2021,472223639,367994586,104229053,,5289663,33.89,26.41,7.48,3796,"Covaxin, Oxford/AstraZeneca, Sputnik V",Government of India,https://dashboard.cowin.gov.in/
India,IND,02-08-2021,,,,,5263244,,,,3777,"Covaxin, Oxford/AstraZeneca, Sputnik V",Government of India,https://dashboard.cowin.gov.in/
India,IND,03-08-2021,485286570,378090597,107195973,,5589987,34.83,27.13,7.69,4012,"Covaxin, Oxford/AstraZeneca, Sputnik V",Government of India,https://dashboard.cowin.gov.in/
India,IND,04-08-2021,489342295,381126275,108216020,4055725,5519434,35.12,27.35,7.77,3961,"Covaxin, Oxford/AstraZeneca, Sputnik V",Government of India,https://dashboard.cowin.gov.in/
India,IND,05-08-2021,495327595,385631050,109696545,5985300,5613406,35.55,27.68,7.87,4029,"Covaxin, Oxford/AstraZeneca, Sputnik V",Government of India,https://dashboard.cowin.gov.in/
India,IND,06-08-2021,501009609,390041560,110968049,5682014,5641590,35.96,27.99,7.96,4049,"Covaxin, Oxford/AstraZeneca, Sputnik V",Government of India,https://dashboard.cowin.gov.in/
India,IND,07-08-2021,506810492,394378151,112432341,5800883,5705633,36.37,28.3,8.07,4095,"Covaxin, Oxford/AstraZeneca, Sputnik V",Government of India,https://dashboard.cowin.gov.in/
India,IND,08-08-2021,508664759,395667593,112997166,1854267,5205874,36.51,28.4,8.11,3736,"Covaxin, Oxford/AstraZeneca, Sputnik V",Government of India,https://dashboard.cowin.gov.in/
India,IND,09-08-2021,514500268,400158057,114342211,5835509,5106452,36.92,28.72,8.21,3665,"Covaxin, Oxford/AstraZeneca, Sputnik V",Government of India,https://dashboard.cowin.gov.in/
India,IND,10-08-2021,519080524,403596088,115484436,4580256,4827708,37.25,28.96,8.29,3465,"Covaxin, Oxford/AstraZeneca, Sputnik V",Government of India,https://dashboard.cowin.gov.in/
India,IND,11-08-2021,523671019,406980329,116690690,4590495,4904103,37.58,29.21,8.37,3519,"Covaxin, Oxford/AstraZeneca, Sputnik V",Government of India,https://dashboard.cowin.gov.in/
India,IND,12-08-2021,,,,,4943267,,,,3548,"Covaxin, Oxford/AstraZeneca, Sputnik V",Government of India,https://dashboard.cowin.gov.in/
India,IND,13-08-2021,536189903,416846115,119343788,,5025756,38.48,29.92,8.56,3607,"Covaxin, Oxford/AstraZeneca, Sputnik V",Government of India,https://dashboard.cowin.gov.in/
India,IND,14-08-2021,543846290,422575401,121270889,7656387,5290828,39.03,30.33,8.7,3797,"Covaxin, Oxford/AstraZeneca, Sputnik V",Government of India,https://dashboard.cowin.gov.in/
India,IND,15-08-2021,,,,,5502629,,,,3949,"Covaxin, Oxford/AstraZeneca, Sputnik V",Government of India,https://dashboard.cowin.gov.in/
India,IND,16-08-2021,550520038,428681772,121838266,,5145681,39.51,30.76,8.74,3693,"Covaxin, Oxford/AstraZeneca, Sputnik V",Government of India,https://dashboard.cowin.gov.in/
India,IND,17-08-2021,556520316,433454974,123065342,6000278,5348542,39.94,31.11,8.83,3838,"Covaxin, Oxford/AstraZeneca, Sputnik V",Government of India,https://dashboard.cowin.gov.in/
India,IND,18-08-2021,562151515,437698591,124452924,5631199,5497214,40.34,31.41,8.93,3945,"Covaxin, Oxford/AstraZeneca, Sputnik V",Government of India,https://dashboard.cowin.gov.in/
India,IND,19-08-2021,566595708,441116044,125479664,4444193,5237892,40.66,31.66,9.01,3759,"Covaxin, Oxford/AstraZeneca, Sputnik V",Government of India,https://dashboard.cowin.gov.in/
India,IND,20-08-2021,573205464,446102199,127103265,6609756,5287937,41.14,32.02,9.12,3795,"Covaxin, Oxford/AstraZeneca, Sputnik V",Government of India,https://dashboard.cowin.gov.in/
India,IND,21-08-2021,576365820,448292884,128072936,3160356,4645647,41.36,32.17,9.19,3334,"Covaxin, Oxford/AstraZeneca, Sputnik V",Government of India,https://dashboard.cowin.gov.in/
India,IND,22-08-2021,580771824,451186857,129584967,4406004,4798380,41.68,32.38,9.3,3444,"Covaxin, Oxford/AstraZeneca, Sputnik V",Government of India,https://dashboard.cowin.gov.in/
India,IND,23-08-2021,582239230,452207578,130031652,1467406,4531313,41.79,32.45,9.33,3252,"Covaxin, Oxford/AstraZeneca, Sputnik V",Government of India,https://dashboard.cowin.gov.in/
India,IND,24-08-2021,588731504,456880623,131850881,6492274,4601598,42.25,32.79,9.46,3302,"Covaxin, Oxford/AstraZeneca, Sputnik V",Government of India,https://dashboard.cowin.gov.in/
India,IND,25-08-2021,597923238,463341344,134581894,9191734,5110246,42.91,33.25,9.66,3667,"Covaxin, Oxford/AstraZeneca, Sputnik V",Government of India,https://dashboard.cowin.gov.in/
India,IND,26-08-2021,604391211,468130627,136260584,6467973,5399358,43.38,33.6,9.78,3875,"Covaxin, Oxford/AstraZeneca, Sputnik V",Government of India,https://dashboard.cowin.gov.in/
India,IND,27-08-2021,615540527,476059071,139481456,11149316,6047866,44.18,34.17,10.01,4340,"Covaxin, Oxford/AstraZeneca, Sputnik V",Government of India,https://dashboard.cowin.gov.in/
India,IND,28-08-2021,625864766,483512657,142352109,10324239,7071278,44.92,34.7,10.22,5075,"Covaxin, Oxford/AstraZeneca, Sputnik V",Government of India,https://dashboard.cowin.gov.in/
India,IND,29-08-2021,632587851,488153607,144434244,6723085,7402290,45.4,35.03,10.37,5312,"Covaxin, Oxford/AstraZeneca, Sputnik V",Government of India,https://dashboard.cowin.gov.in/
India,IND,30-08-2021,639305611,493077195,146228416,6717760,8152340,45.88,35.39,10.49,5851,"Covaxin, Oxford/AstraZeneca, Sputnik V",Government of India,https://dashboard.cowin.gov.in/
India,IND,31-08-2021,644799225,497002083,147797142,5493614,8009674,46.27,35.67,10.61,5748,"Covaxin, Oxford/AstraZeneca, Sputnik V",Government of India,https://dashboard.cowin.gov.in/
India,IND,01-09-2021,661576916,509668131,151908785,16777691,9093383,47.48,36.58,10.9,6526,"Covaxin, Oxford/AstraZeneca, Sputnik V",Government of India,https://dashboard.cowin.gov.in/
India,IND,02-09-2021,669775627,515627968,154147659,8198711,9340631,48.07,37,11.06,6703,"Covaxin, Oxford/AstraZeneca, Sputnik V",Government of India,https://dashboard.cowin.gov.in/
India,IND,03-09-2021,675654935,519667854,155987081,5879308,8587773,48.49,37.29,11.19,6163,"Covaxin, Oxford/AstraZeneca, Sputnik V",Government of India,https://dashboard.cowin.gov.in/
India,IND,04-09-2021,677744969,521015869,156729100,2090034,7411458,48.64,37.39,11.25,5319,"Covaxin, Oxford/AstraZeneca, Sputnik V",Government of India,https://dashboard.cowin.gov.in/
India,IND,05-09-2021,684515513,525319361,159196152,6770544,7418237,49.13,37.7,11.42,5324,"Covaxin, Oxford/AstraZeneca, Sputnik V",Government of India,https://dashboard.cowin.gov.in/
India,IND,06-09-2021,688453563,527862293,160591270,3938050,7021136,49.41,37.88,11.53,5039,"Covaxin, Oxford/AstraZeneca, Sputnik V",Government of India,https://dashboard.cowin.gov.in/
India,IND,07-09-2021,699668404,536004002,163664402,11214841,7838454,50.21,38.47,11.75,5625,"Covaxin, Oxford/AstraZeneca, Sputnik V",Government of India,https://dashboard.cowin.gov.in/
India,IND,08-09-2021,710550810,543462433,167088377,10882406,6996271,50.99,39,11.99,5021,"Covaxin, Oxford/AstraZeneca, Sputnik V",Government of India,https://dashboard.cowin.gov.in/
India,IND,09-09-2021,720910239,550694661,170215578,10359429,7304945,51.74,39.52,12.22,5242,"Covaxin, Oxford/AstraZeneca, Sputnik V",Government of India,https://dashboard.cowin.gov.in/
India,IND,10-09-2021,724114731,552964723,171150008,3204492,6922828,51.97,39.68,12.28,4968,"Covaxin, Oxford/AstraZeneca, Sputnik V",Government of India,https://dashboard.cowin.gov.in/
India,IND,11-09-2021,733428972,558984568,174444404,9314241,7954858,52.64,40.12,12.52,5709,"Covaxin, Oxford/AstraZeneca, Sputnik V",Government of India,https://dashboard.cowin.gov.in/
India,IND,12-09-2021,740278136,563337272,176940864,6849164,7966089,53.13,40.43,12.7,5717,"Covaxin, Oxford/AstraZeneca, Sputnik V",Government of India,https://dashboard.cowin.gov.in/
India,IND,13-09-2021,750284569,570046655,180237914,10006433,8833001,53.85,40.91,12.94,6339,"Covaxin, Oxford/AstraZeneca, Sputnik V",Government of India,https://dashboard.cowin.gov.in/
India,IND,14-09-2021,752714069,571662310,181051759,2429500,7577952,54.02,41.03,12.99,5438,"Covaxin, Oxford/AstraZeneca, Sputnik V",Government of India,https://dashboard.cowin.gov.in/
India,IND,15-09-2021,761350715,576856263,184494452,8636646,7257129,54.64,41.4,13.24,5208,"Covaxin, Oxford/AstraZeneca, Sputnik V",Government of India,https://dashboard.cowin.gov.in/
India,IND,16-09-2021,771341641,582842108,188499533,9990926,7204486,55.36,41.83,13.53,5170,"Covaxin, Oxford/AstraZeneca, Sputnik V",Government of India,https://dashboard.cowin.gov.in/
India,IND,17-09-2021,777387850,586105233,191282617,6046209,7610446,55.79,42.06,13.73,5462,"Covaxin, Oxford/AstraZeneca, Sputnik V",Government of India,https://dashboard.cowin.gov.in/
India,IND,18-09-2021,796015119,597205296,198809823,18627269,8940878,57.13,42.86,14.27,6417,"Covaxin, Oxford/AstraZeneca, Sputnik V",Government of India,https://dashboard.cowin.gov.in/
India,IND,19-09-2021,804778696,602206789,202571907,8763577,9214366,57.76,43.22,14.54,6613,"Covaxin, Oxford/AstraZeneca, Sputnik V",Government of India,https://dashboard.cowin.gov.in/
India,IND,20-09-2021,812232516,606563237,205669279,7453820,8849707,58.29,43.53,14.76,6351,"Covaxin, Oxford/AstraZeneca, Sputnik V",Government of India,https://dashboard.cowin.gov.in/
India,IND,21-09-2021,821836262,612360533,209475729,9603746,9874599,58.98,43.95,15.03,7087,"Covaxin, Oxford/AstraZeneca, Sputnik V",Government of India,https://dashboard.cowin.gov.in/
India,IND,22-09-2021,827297973,615659928,211638045,5461711,9421037,59.37,44.18,15.19,6761,"Covaxin, Oxford/AstraZeneca, Sputnik V",Government of India,https://dashboard.cowin.gov.in/
India,IND,23-09-2021,837239837,621209052,216030785,9941864,9414028,60.09,44.58,15.5,6756,"Covaxin, Oxford/AstraZeneca, Sputnik V",Government of India,https://dashboard.cowin.gov.in/
India,IND,24-09-2021,847653817,627322598,220331219,10413980,10037995,60.83,45.02,15.81,7204,"Covaxin, Oxford/AstraZeneca, Sputnik V",Government of India,https://dashboard.cowin.gov.in/
India,IND,25-09-2021,852156699,629574531,222582168,4502882,8020226,61.16,45.18,15.97,5756,"Covaxin, Oxford/AstraZeneca, Sputnik V",Government of India,https://dashboard.cowin.gov.in/
India,IND,26-09-2021,855791746,631601656,224190090,3635047,7287579,61.42,45.33,16.09,5230,"Covaxin, Oxford/AstraZeneca, Sputnik V",Government of India,https://dashboard.cowin.gov.in/
India,IND,27-09-2021,868774116,639303166,229470950,12982370,8077371,62.35,45.88,16.47,5797,"Covaxin, Oxford/AstraZeneca, Sputnik V",Government of India,https://dashboard.cowin.gov.in/
India,IND,28-09-2021,873244661,641845931,231398730,4470545,7344057,62.67,46.06,16.61,5271,"Covaxin, Oxford/AstraZeneca, Sputnik V",Government of India,https://dashboard.cowin.gov.in/
India,IND,29-09-2021,879692465,645293313,234399152,6447804,7484927,63.13,46.31,16.82,5372,"Covaxin, Oxford/AstraZeneca, Sputnik V",Government of India,https://dashboard.cowin.gov.in/
India,IND,30-09-2021,886425292,648949043,237476249,6732827,7026494,63.62,46.57,17.04,5043,"Covaxin, Oxford/AstraZeneca, Sputnik V",Government of India,https://dashboard.cowin.gov.in/
India,IND,01-10-2021,893203984,652744197,240459787,6778692,6507167,64.1,46.85,17.26,4670,"Covaxin, Oxford/AstraZeneca, Sputnik V",Government of India,https://dashboard.cowin.gov.in/
India,IND,02-10-2021,901004270,656956299,244047971,7800286,6978224,64.66,47.15,17.51,5008,"Covaxin, Oxford/AstraZeneca, Sputnik V",Government of India,https://dashboard.cowin.gov.in/
India,IND,03-10-2021,906155473,659744381,246411092,5151203,7194818,65.03,47.35,17.68,5163,"Covaxin, Oxford/AstraZeneca, Sputnik V",Government of India,https://dashboard.cowin.gov.in/
India,IND,04-10-2021,911080329,662266667,248813662,4924856,6043745,65.38,47.53,17.86,4337,"Covaxin, Oxford/AstraZeneca, Sputnik V",Government of India,https://dashboard.cowin.gov.in/
India,IND,05-10-2021,918129250,666078231,252051019,7048921,6412084,65.89,47.8,18.09,4602,"Covaxin, Oxford/AstraZeneca, Sputnik V",Government of India,https://dashboard.cowin.gov.in/
India,IND,06-10-2021,923526951,668975929,254551022,5397701,6262069,66.28,48.01,18.27,4494,"Covaxin, Oxford/AstraZeneca, Sputnik V",Government of India,https://dashboard.cowin.gov.in/
India,IND,07-10-2021,927173859,670864526,256309333,3646908,5821224,66.54,48.15,18.39,4178,"Covaxin, Oxford/AstraZeneca, Sputnik V",Government of India,https://dashboard.cowin.gov.in/
India,IND,08-10-2021,935219767,675161305,260058462,8045908,6002255,67.12,48.45,18.66,4308,"Covaxin, Oxford/AstraZeneca, Sputnik V",Government of India,https://dashboard.cowin.gov.in/
India,IND,09-10-2021,943033918,679245181,263788737,7814151,6004235,67.68,48.75,18.93,4309,"Covaxin, Oxford/AstraZeneca, Sputnik V",Government of India,https://dashboard.cowin.gov.in/
India,IND,10-10-2021,951139832,683498355,267641477,8105914,6426337,68.26,49.05,19.21,4612,"Covaxin, Oxford/AstraZeneca, Sputnik V",Government of India,https://dashboard.cowin.gov.in/
India,IND,11-10-2021,954908095,685337489,269570606,3768263,6261109,68.53,49.18,19.35,4493,"Covaxin, Oxford/AstraZeneca, Sputnik V",Government of India,https://dashboard.cowin.gov.in/
India,IND,12-10-2021,961339629,688686928,272652701,6431534,6172911,68.99,49.42,19.57,4430,"Covaxin, Oxford/AstraZeneca, Sputnik V",Government of India,https://dashboard.cowin.gov.in/
India,IND,13-10-2021,965904347,690968314,274936033,4564718,6053914,69.32,49.59,19.73,4345,"Covaxin, Oxford/AstraZeneca, Sputnik V",Government of India,https://dashboard.cowin.gov.in/
India,IND,14-10-2021,968362051,692134805,276227246,2457704,5884027,69.5,49.67,19.82,4223,"Covaxin, Oxford/AstraZeneca, Sputnik V",Government of India,https://dashboard.cowin.gov.in/
India,IND,15-10-2021,971163447,693416137,277747310,2801396,5134811,69.7,49.76,19.93,3685,"Covaxin, Oxford/AstraZeneca, Sputnik V",Government of India,https://dashboard.cowin.gov.in/
India,IND,16-10-2021,972686142,693992112,278694030,1522695,4236032,69.81,49.81,20,3040,"Covaxin, Oxford/AstraZeneca, Sputnik V",Government of India,https://dashboard.cowin.gov.in/
India,IND,17-10-2021,976344696,695536360,280808336,3658554,3600695,70.07,49.92,20.15,2584,"Covaxin, Oxford/AstraZeneca, Sputnik V",Government of India,https://dashboard.cowin.gov.in/
India,IND,18-10-2021,978954738,696638920,282315818,2610042,3435235,70.26,50,20.26,2465,"Covaxin, Oxford/AstraZeneca, Sputnik V",Government of India,https://dashboard.cowin.gov.in/
India,IND,19-10-2021,987113051,700140298,286972753,8158313,3681917,70.84,50.25,20.6,2642,"Covaxin, Oxford/AstraZeneca, Sputnik V",Government of India,https://dashboard.cowin.gov.in/
India,IND,20-10-2021,997399032,705846235,291552797,10285981,4499241,71.58,50.66,20.92,3229,"Covaxin, Oxford/AstraZeneca, Sputnik V",Government of India,https://dashboard.cowin.gov.in/
India,IND,21-10-2021,1003204289,709552033,293652256,5805257,4977463,72,50.92,21.07,3572,"Covaxin, Oxford/AstraZeneca, Sputnik V",Government of India,https://dashboard.cowin.gov.in/
India,IND,22-10-2021,1009945663,712404590,297541073,6741374,5540317,72.48,51.13,21.35,3976,"Covaxin, Oxford/AstraZeneca, Sputnik V",Government of India,https://dashboard.cowin.gov.in/
India,IND,23-10-2021,1013637431,714084133,299553298,3691768,5850184,72.75,51.25,21.5,4198,"Covaxin, Oxford/AstraZeneca, Sputnik V",Government of India,https://dashboard.cowin.gov.in/
India,IND,24-10-2021,1022267850,717676310,304591540,8630419,6560451,73.36,51.51,21.86,4708,"Covaxin, Oxford/AstraZeneca, Sputnik V",Government of India,https://dashboard.cowin.gov.in/
India,IND,25-10-2021,1024149949,718444141,305705808,1882099,6456459,73.5,51.56,21.94,4634,"Covaxin, Oxford/AstraZeneca, Sputnik V",Government of India,https://dashboard.cowin.gov.in/
India,IND,26-10-2021,1030850079,721149084,309700995,6700130,6248147,73.98,51.75,22.23,4484,"Covaxin, Oxford/AstraZeneca, Sputnik V",Government of India,https://dashboard.cowin.gov.in/
India,IND,27-10-2021,1036568410,723424864,313143546,5718331,5595625,74.39,51.92,22.47,4016,"Covaxin, Oxford/AstraZeneca, Sputnik V",Government of India,https://dashboard.cowin.gov.in/
India,IND,28-10-2021,1042458533,725633405,316825128,5890123,5607749,74.81,52.08,22.74,4024,"Covaxin, Oxford/AstraZeneca, Sputnik V",Government of India,https://dashboard.cowin.gov.in/
India,IND,29-10-2021,1051708635,729199887,322508748,9250102,5966139,75.48,52.33,23.15,4282,"Covaxin, Oxford/AstraZeneca, Sputnik V",Government of India,https://dashboard.cowin.gov.in/
India,IND,30-10-2021,1058489433,731811996,326677437,6780798,6407429,75.96,52.52,23.44,4598,"Covaxin, Oxford/AstraZeneca, Sputnik V",Government of India,https://dashboard.cowin.gov.in/
India,IND,31-10-2021,1062631351,733542729,329088622,4141918,5766214,76.26,52.64,23.62,4138,"Covaxin, Oxford/AstraZeneca, Sputnik V",Government of India,https://dashboard.cowin.gov.in/
India,IND,01-11-2021,1067654329,735580368,332073961,5022978,6214911,76.62,52.79,23.83,4460,"Covaxin, Oxford/AstraZeneca, Sputnik V",Government of India,https://dashboard.cowin.gov.in/
India,IND,02-11-2021,1069718646,736446575,333272071,2064317,5552652,76.77,52.85,23.92,3985,"Covaxin, Oxford/AstraZeneca, Sputnik V",Government of India,https://dashboard.cowin.gov.in/
India,IND,03-11-2021,1075059421,738501950,336557471,5340775,5498716,77.15,53,24.15,3946,"Covaxin, Oxford/AstraZeneca, Sputnik V",Government of India,https://dashboard.cowin.gov.in/
India,IND,04-11-2021,1077107323,739357801,337749522,2047902,4949827,77.3,53.06,24.24,3552,"Covaxin, Oxford/AstraZeneca, Sputnik V",Government of India,https://dashboard.cowin.gov.in/
India,IND,05-11-2021,1077793623,739594039,338199584,686300,3726427,77.35,53.08,24.27,2674,"Covaxin, Oxford/AstraZeneca, Sputnik V",Government of India,https://dashboard.cowin.gov.in/
India,IND,06-11-2021,1080177477,740368395,339809082,2383854,3098292,77.52,53.13,24.39,2224,"Covaxin, Oxford/AstraZeneca, Sputnik V",Government of India,https://dashboard.cowin.gov.in/
India,IND,07-11-2021,1083142285,741210655,341931630,2964808,2930133,77.73,53.19,24.54,2103,"Covaxin, Oxford/AstraZeneca, Sputnik V",Government of India,https://dashboard.cowin.gov.in/
India,IND,08-11-2021,1088236037,742750155,345485882,5093752,2940244,78.1,53.3,24.79,2110,"Covaxin, Oxford/AstraZeneca, Sputnik V",Government of India,https://dashboard.cowin.gov.in/
India,IND,09-11-2021,1092148139,743984381,348163758,3912102,3204213,78.38,53.39,24.99,2300,"Covaxin, Oxford/AstraZeneca, Sputnik V",Government of India,https://dashboard.cowin.gov.in/
India,IND,10-11-2021,1097806371,745597244,352209127,5658232,3249564,78.79,53.51,25.28,2332,"Covaxin, Oxford/AstraZeneca, Sputnik V",Government of India,https://dashboard.cowin.gov.in/
India,IND,11-11-2021,1102775592,746872225,355903367,4969221,3666896,79.14,53.6,25.54,2632,"Covaxin, Oxford/AstraZeneca, Sputnik V",Government of India,https://dashboard.cowin.gov.in/
India,IND,12-11-2021,1111423316,749179463,362243853,8647724,4804242,79.76,53.77,26,3448,"Covaxin, Oxford/AstraZeneca, Sputnik V",Government of India,https://dashboard.cowin.gov.in/
India,IND,13-11-2021,1119180353,751481608,367698745,7757037,5571839,80.32,53.93,26.39,3999,"Covaxin, Oxford/AstraZeneca, Sputnik V",Government of India,https://dashboard.cowin.gov.in/
India,IND,14-11-2021,1122889436,752662221,370227215,3709083,5678164,80.59,54.02,26.57,4075,"Covaxin, Oxford/AstraZeneca, Sputnik V",Government of India,https://dashboard.cowin.gov.in/
India,IND,15-11-2021,1126981490,753932806,373048684,4092054,5535065,80.88,54.11,26.77,3972,"Covaxin, Oxford/AstraZeneca, Sputnik V",Government of India,https://dashboard.cowin.gov.in/
India,IND,16-11-2021,1133688213,756052687,377635526,6706723,5934296,81.36,54.26,27.1,4259,"Covaxin, Oxford/AstraZeneca, Sputnik V",Government of India,https://dashboard.cowin.gov.in/
India,IND,17-11-2021,1141006707,758251605,382755102,7318494,6171477,81.89,54.42,27.47,4429,"Covaxin, Oxford/AstraZeneca, Sputnik V",Government of India,https://dashboard.cowin.gov.in/
India,IND,18-11-2021,1148786886,760532284,388254602,7780179,6573042,82.44,54.58,27.86,4717,"Covaxin, Oxford/AstraZeneca, Sputnik V",Government of India,https://dashboard.cowin.gov.in/
India,IND,19-11-2021,1153595556,762169283,391426273,4808670,6024606,82.79,54.7,28.09,4324,"Covaxin, Oxford/AstraZeneca, Sputnik V",Government of India,https://dashboard.cowin.gov.in/
India,IND,20-11-2021,1163685005,765364845,398320160,10089449,6357807,83.51,54.93,28.59,4563,"Covaxin, Oxford/AstraZeneca, Sputnik V",Government of India,https://dashboard.cowin.gov.in/
India,IND,21-11-2021,1168057227,766988022,401069205,4372222,6452542,83.83,55.04,28.78,4631,"Covaxin, Oxford/AstraZeneca, Sputnik V",Government of India,https://dashboard.cowin.gov.in/
India,IND,22-11-2021,1175843376,769596553,406246823,7786149,6980269,84.39,55.23,29.15,5009,"Covaxin, Oxford/AstraZeneca, Sputnik V",Government of India,https://dashboard.cowin.gov.in/
India,IND,23-11-2021,1183947210,772215710,411731500,8103834,7179857,84.97,55.42,29.55,5153,"Covaxin, Oxford/AstraZeneca, Sputnik V",Government of India,https://dashboard.cowin.gov.in/
India,IND,24-11-2021,1193769229,775076432,418692797,9822019,7537503,85.67,55.62,30.05,5409,"Covaxin, Oxford/AstraZeneca, Sputnik V",Government of India,https://dashboard.cowin.gov.in/
India,IND,25-11-2021,1198528642,776515911,422012731,4759413,7105965,86.01,55.73,30.29,5100,"Covaxin, Oxford/AstraZeneca, Sputnik V",Government of India,https://dashboard.cowin.gov.in/
India,IND,26-11-2021,1210758081,780551005,430207076,12229439,8166075,86.89,56.02,30.87,5861,"Covaxin, Oxford/AstraZeneca, Sputnik V",Government of India,https://dashboard.cowin.gov.in/
India,IND,27-11-2021,1212493046,781075743,431417303,1734965,6972577,87.02,56.06,30.96,5004,"Covaxin, Oxford/AstraZeneca, Sputnik V",Government of India,https://dashboard.cowin.gov.in/
India,IND,28-11-2021,1223194701,784647922,438546779,10701655,7876782,87.78,56.31,31.47,5653,"Covaxin, Oxford/AstraZeneca, Sputnik V",Government of India,https://dashboard.cowin.gov.in/
India,IND,29-11-2021,1228492006,786355397,442136609,5297305,7521233,88.16,56.43,31.73,5398,"Covaxin, Oxford/AstraZeneca, Sputnik V",Government of India,https://dashboard.cowin.gov.in/
India,IND,30-11-2021,1237055142,789054196,448000946,8563136,7586847,88.78,56.63,32.15,5445,"Covaxin, Oxford/AstraZeneca, Sputnik V",Government of India,https://dashboard.cowin.gov.in/
India,IND,01-12-2021,1245517176,791626543,453890633,8462034,7392564,89.39,56.81,32.57,5305,"Covaxin, Oxford/AstraZeneca, Sputnik V",Government of India,https://dashboard.cowin.gov.in/
India,IND,02-12-2021,1255866411,794528313,461338098,10349235,8191110,90.13,57.02,33.11,5878,"Covaxin, Oxford/AstraZeneca, Sputnik V",Government of India,https://dashboard.cowin.gov.in/
India,IND,03-12-2021,1261728028,796283823,465444205,5861617,7281421,90.55,57.15,33.4,5226,"Covaxin, Oxford/AstraZeneca, Sputnik V",Government of India,https://dashboard.cowin.gov.in/
India,IND,04-12-2021,1273806245,799745524,474060721,12078217,8759028,91.42,57.39,34.02,6286,"Covaxin, Oxford/AstraZeneca, Sputnik V",Government of India,https://dashboard.cowin.gov.in/
India,IND,05-12-2021,1278763558,801417375,477346183,4957313,7938408,91.77,57.51,34.26,5697,"Covaxin, Oxford/AstraZeneca, Sputnik V",Government of India,https://dashboard.cowin.gov.in/
India,IND,06-12-2021,1283718063,802894059,480824004,4954505,7889437,92.13,57.62,34.51,5662,"Covaxin, Oxford/AstraZeneca, Sputnik V",Government of India,https://dashboard.cowin.gov.in/
India,IND,07-12-2021,1291962219,805404596,486557623,8244156,7843868,92.72,57.8,34.92,5629,"Covaxin, Oxford/AstraZeneca, Sputnik V",Government of India,https://dashboard.cowin.gov.in/
India,IND,08-12-2021,1299875078,807755550,492119528,7912859,7765415,93.29,57.97,35.32,5573,"Covaxin, Oxford/AstraZeneca, Sputnik V",Government of India,https://dashboard.cowin.gov.in/
India,IND,09-12-2021,1308244539,810142506,498102033,8369461,7482590,93.89,58.14,35.75,5370,"Covaxin, Oxford/AstraZeneca, Sputnik V",Government of India,https://dashboard.cowin.gov.in/
India,IND,10-12-2021,1312375088,811443992,500931096,4130549,7235294,94.18,58.23,35.95,5193,"Covaxin, Oxford/AstraZeneca, Sputnik V",Government of India,https://dashboard.cowin.gov.in/
India,IND,11-12-2021,1327494248,815387998,512106250,15119160,7669715,95.27,58.52,36.75,5504,"Covaxin, Oxford/AstraZeneca, Sputnik V",Government of India,https://dashboard.cowin.gov.in/
India,IND,12-12-2021,1331399226,816708250,514690976,3904978,7519381,95.55,58.61,36.94,5396,"Covaxin, Oxford/AstraZeneca, Sputnik V",Government of India,https://dashboard.cowin.gov.in/
India,IND,13-12-2021,1335465563,817907560,517558003,4066337,7392500,95.84,58.7,37.14,5305,"Covaxin, Oxford/AstraZeneca, Sputnik V",Government of India,https://dashboard.cowin.gov.in/
India,IND,14-12-2021,1346291425,820963910,525327515,10825862,7761315,96.62,58.92,37.7,5570,"Covaxin, Oxford/AstraZeneca, Sputnik V",Government of India,https://dashboard.cowin.gov.in/
India,IND,15-12-2021,1352485358,822545653,529939705,6193933,7515754,97.06,59.03,38.03,5394,"Covaxin, Oxford/AstraZeneca, Sputnik V",Government of India,https://dashboard.cowin.gov.in/
India,IND,16-12-2021,1356491248,823451038,533040210,4005890,6892387,97.35,59.1,38.25,4946,"Covaxin, Oxford/AstraZeneca, Sputnik V",Government of India,https://dashboard.cowin.gov.in/
India,IND,17-12-2021,1365366923,825531190,539835733,8875675,7570262,97.99,59.25,38.74,5433,"Covaxin, Oxford/AstraZeneca, Sputnik V",Government of India,https://dashboard.cowin.gov.in/
India,IND,18-12-2021,1373057489,827368472,545689017,7690566,6509034,98.54,59.38,39.16,4671,"Covaxin, Oxford/AstraZeneca, Sputnik V",Government of India,https://dashboard.cowin.gov.in/
India,IND,19-12-2021,1376428862,828319595,548109267,3371373,6432805,98.78,59.45,39.34,4617,"Covaxin, Oxford/AstraZeneca, Sputnik V",Government of India,https://dashboard.cowin.gov.in/
India,IND,20-12-2021,1380223188,829219869,551003319,3794326,6393946,99.05,59.51,39.54,4589,"Covaxin, Oxford/AstraZeneca, Sputnik V",Government of India,https://dashboard.cowin.gov.in/
India,IND,21-12-2021,1388521671,831142523,557379148,8298483,6032892,99.65,59.65,40,4330,"Covaxin, Oxford/AstraZeneca, Sputnik V",Government of India,https://dashboard.cowin.gov.in/
India,IND,22-12-2021,1391050278,831763875,559286403,2528607,5509274,99.83,59.69,40.14,3954,"Covaxin, Oxford/AstraZeneca, Sputnik V",Government of India,https://dashboard.cowin.gov.in/
India,IND,23-12-2021,1398221289,833265701,564955588,7171011,5961434,100.35,59.8,40.54,4278,"Covaxin, Oxford/AstraZeneca, Sputnik V",Government of India,https://dashboard.cowin.gov.in/
India,IND,24-12-2021,1404556570,834737784,569818786,6335281,5598521,100.8,59.91,40.89,4018,"Covaxin, Oxford/AstraZeneca, Sputnik V",Government of India,https://dashboard.cowin.gov.in/
India,IND,25-12-2021,1413981791,837078735,576903056,9425221,5846329,101.48,60.07,41.4,4196,"Covaxin, Oxford/AstraZeneca, Sputnik V",Government of India,https://dashboard.cowin.gov.in/
India,IND,26-12-2021,1414731603,837294288,577437315,749812,5471820,101.53,60.09,41.44,3927,"Covaxin, Oxford/AstraZeneca, Sputnik V",Government of India,https://dashboard.cowin.gov.in/
India,IND,27-12-2021,1418447119,838318164,580128955,3715516,5460562,101.8,60.16,41.63,3919,"Covaxin, Oxford/AstraZeneca, Sputnik V",Government of India,https://dashboard.cowin.gov.in/
India,IND,28-12-2021,1426069774,840095473,585974301,7622655,5364015,102.34,60.29,42.05,3850,"Covaxin, Oxford/AstraZeneca, Sputnik V",Government of India,https://dashboard.cowin.gov.in/
India,IND,29-12-2021,1435195841,842315450,592880391,9126067,6306509,103,60.45,42.55,4526,"Covaxin, Oxford/AstraZeneca, Sputnik V",Government of India,https://dashboard.cowin.gov.in/
India,IND,30-12-2021,1438717497,843220793,595496704,3521656,5785173,103.25,60.51,42.74,4152,"Covaxin, Oxford/AstraZeneca, Sputnik V",Government of India,https://dashboard.cowin.gov.in/
India,IND,31-12-2021,1448865422,845640601,603224821,10147925,6329836,103.98,60.69,43.29,4543,"Covaxin, Oxford/AstraZeneca, Sputnik V",Government of India,https://dashboard.cowin.gov.in/
India,IND,01-01-2022,1454069802,846975771,607094031,5204380,5726859,104.35,60.78,43.57,4110,"Covaxin, Oxford/AstraZeneca, Sputnik V",Government of India,https://dashboard.cowin.gov.in/
India,IND,02-01-2022,1456586234,847665306,608920928,2516432,5979233,104.53,60.83,43.7,4291,"Covaxin, Oxford/AstraZeneca, Sputnik V",Government of India,https://dashboard.cowin.gov.in/
India,IND,03-01-2022,1464526170,852570971,611955199,7939936,6582722,105.1,61.19,43.92,4724,"Covaxin, Oxford/AstraZeneca, Sputnik V",Government of India,https://dashboard.cowin.gov.in/
India,IND,04-01-2022,1472330269,857788520,614541749,7804099,6608642,105.66,61.56,44.1,4743,"Covaxin, Oxford/AstraZeneca, Sputnik V",Government of India,https://dashboard.cowin.gov.in/
India,IND,05-01-2022,1482203963,864466425,617737538,9873694,6715446,106.37,62.04,44.33,4819,"Covaxin, Oxford/AstraZeneca, Sputnik V",Government of India,https://dashboard.cowin.gov.in/
India,IND,06-01-2022,1491991022,871088714,620902308,9787059,7610504,107.07,62.51,44.56,5462,"Covaxin, Oxford/AstraZeneca, Sputnik V",Government of India,https://dashboard.cowin.gov.in/
India,IND,07-01-2022,1505591911,879625063,625966848,13600889,8103784,108.05,63.13,44.92,5816,"Covaxin, Oxford/AstraZeneca, Sputnik V",Government of India,https://dashboard.cowin.gov.in/
India,IND,08-01-2022,1508007415,880930714,627076701,2415504,7705373,108.22,63.22,45,5530,"Covaxin, Oxford/AstraZeneca, Sputnik V",Government of India,https://dashboard.cowin.gov.in/
India,IND,09-01-2022,1517705282,886204082,631501200,9697867,8731293,108.92,63.6,45.32,6266,"Covaxin, Oxford/AstraZeneca, Sputnik V",Government of India,https://dashboard.cowin.gov.in/
India,IND,10-01-2022,1524222751,889459819,634265259,6517469,8528083,109.39,63.83,45.52,6120,"Covaxin, Oxford/AstraZeneca, Sputnik V",Government of India,https://dashboard.cowin.gov.in/
India,IND,11-01-2022,1537841948,895852039,640117846,13619197,9358811,110.37,64.29,45.94,6716,"Covaxin, Oxford/AstraZeneca, Sputnik V",Government of India,https://dashboard.cowin.gov.in/
India,IND,12-01-2022,1544297708,898710263,643070555,6455760,8870535,110.83,64.5,46.15,6366,"Covaxin, Oxford/AstraZeneca, Sputnik V",Government of India,https://dashboard.cowin.gov.in/
India,IND,13-01-2022,1553919710,903038624,647586748,9622002,8846955,111.52,64.81,46.47,6349,"Covaxin, Oxford/AstraZeneca, Sputnik V",Government of India,https://dashboard.cowin.gov.in/
India,IND,14-01-2022,1556478542,904086765,648878102,2558832,7269519,111.7,64.88,46.57,5217,"Covaxin, Oxford/AstraZeneca, Sputnik V",Government of India,https://dashboard.cowin.gov.in/
India,IND,15-01-2022,1565638547,908005349,653514044,9160005,8233019,112.36,65.16,46.9,5909,"Covaxin, Oxford/AstraZeneca, Sputnik V",Government of India,https://dashboard.cowin.gov.in/
India,IND,16-01-2022,1570696006,910386043,656011893,5057459,7570103,112.72,65.34,47.08,5433,"Covaxin, Oxford/AstraZeneca, Sputnik V",Government of India,https://dashboard.cowin.gov.in/
India,IND,17-01-2022,1575863289,912552134,658614500,5167283,7377220,113.09,65.49,47.27,5294,"Covaxin, Oxford/AstraZeneca, Sputnik V",Government of India,https://dashboard.cowin.gov.in/
India,IND,18-01-2022,1576006300,912567911,658765881,143011,5452050,113.1,65.49,47.28,3913,"Covaxin, Oxford/AstraZeneca, Sputnik V",Government of India,https://dashboard.cowin.gov.in/
India,IND,19-01-2022,1592451490,919059606,667552043,16445190,6879112,114.28,65.96,47.91,4937,"Covaxin, Oxford/AstraZeneca, Sputnik V",Government of India,https://dashboard.cowin.gov.in/
India,IND,20-01-2022,1600333779,922087216,671853985,7882289,6630581,114.85,66.17,48.22,4759,"Covaxin, Oxford/AstraZeneca, Sputnik V",Government of India,https://dashboard.cowin.gov.in/
India,IND,21-01-2022,1609613007,925500152,677041072,9279228,7590638,115.52,66.42,48.59,5448,"Covaxin, Oxford/AstraZeneca, Sputnik V",Government of India,https://dashboard.cowin.gov.in/
India,IND,22-01-2022,1617088106,928133309,681368115,7475099,7349937,116.05,66.61,48.9,5275,"Covaxin, Oxford/AstraZeneca, Sputnik V",Government of India,https://dashboard.cowin.gov.in/
India,IND,23-01-2022,1622210924,929971622,684436700,5122818,7359274,116.42,66.74,49.12,5281,"Covaxin, Oxford/AstraZeneca, Sputnik V",Government of India,https://dashboard.cowin.gov.in/
India,IND,24-01-2022,1623419845,930359898,685102189,1208921,6793794,116.51,66.77,49.17,4876,"Covaxin, Oxford/AstraZeneca, Sputnik V",Government of India,https://dashboard.cowin.gov.in/
India,IND,25-01-2022,1630312330,932606511,689133722,6892485,7758004,117,66.93,49.46,5568,"Covaxin, Oxford/AstraZeneca, Sputnik V",Government of India,https://dashboard.cowin.gov.in/
India,IND,26-01-2022,1636183520,934468791,692645423,5871190,6247433,117.42,67.06,49.71,4484,"Covaxin, Oxford/AstraZeneca, Sputnik V",Government of India,https://dashboard.cowin.gov.in/
India,IND,27-01-2022,1639112704,935294849,694410120,2929184,5539846,117.63,67.12,49.84,3976,"Covaxin, Oxford/AstraZeneca, Sputnik V",Government of India,https://dashboard.cowin.gov.in/
India,IND,28-01-2022,1645293992,937107027,698115220,6181288,5097284,118.08,67.25,50.1,3658,"Covaxin, Oxford/AstraZeneca, Sputnik V",Government of India,https://dashboard.cowin.gov.in/
India,IND,29-01-2022,1650461284,938645671,701262521,5167292,4767597,118.45,67.36,50.33,3422,"Covaxin, Oxford/AstraZeneca, Sputnik V",Government of India,https://dashboard.cowin.gov.in/
India,IND,30-01-2022,1657362150,940755706,705405482,6900866,5021604,118.94,67.51,50.62,3604,"Covaxin, Oxford/AstraZeneca, Sputnik V",Government of India,https://dashboard.cowin.gov.in/
India,IND,31-01-2022,1664786038,943027714,709926447,7423888,5909456,119.48,67.68,50.95,4241,"Covaxin, Oxford/AstraZeneca, Sputnik V",Government of India,https://dashboard.cowin.gov.in/
India,IND,01-02-2022,1671163877,944749420,714073668,6377839,5835935,119.93,67.8,51.25,4188,"Covaxin, Oxford/AstraZeneca, Sputnik V",Government of India,https://dashboard.cowin.gov.in/
India,IND,02-02-2022,1677030680,946259127,717972069,5866803,5835309,120.35,67.91,51.53,4188,"Covaxin, Oxford/AstraZeneca, Sputnik V",Government of India,https://dashboard.cowin.gov.in/
India,IND,03-02-2022,1681517744,947341172,721020585,4487064,6057863,120.68,67.99,51.75,4348,"Covaxin, Oxford/AstraZeneca, Sputnik V",Government of India,https://dashboard.cowin.gov.in/
India,IND,04-02-2022,1687048487,948717449,724768356,5530743,5964928,121.07,68.09,52.01,4281,"Covaxin, Oxford/AstraZeneca, Sputnik V",Government of India,https://dashboard.cowin.gov.in/
India,IND,05-02-2022,1693177165,950308975,728875616,6128678,6102269,121.51,68.2,52.31,4379,"Covaxin, Oxford/AstraZeneca, Sputnik V",Government of India,https://dashboard.cowin.gov.in/
India,IND,06-02-2022,1695886196,951213177,730532500,2709031,5503435,121.71,68.27,52.43,3950,"Covaxin, Oxford/AstraZeneca, Sputnik V",Government of India,https://dashboard.cowin.gov.in/
India,IND,07-02-2022,1696048044,951263816,730627102,161848,4466001,121.72,68.27,52.43,3205,"Covaxin, Oxford/AstraZeneca, Sputnik V",Government of India,https://dashboard.cowin.gov.in/
India,IND,08-02-2022,1702679391,952678279,736217486,6631347,4502216,122.2,68.37,52.84,3231,"Covaxin, Oxford/AstraZeneca, Sputnik V",Government of India,https://dashboard.cowin.gov.in/
India,IND,09-02-2022,1710023580,954257234,740575198,7344189,4713271,122.72,68.48,53.15,3383,"Covaxin, Oxford/AstraZeneca, Sputnik V",Government of India,https://dashboard.cowin.gov.in/
India,IND,10-02-2022,1710398811,954313669,740861221,375231,4125867,122.75,68.49,53.17,2961,"Covaxin, Oxford/AstraZeneca, Sputnik V",Government of India,https://dashboard.cowin.gov.in/
India,IND,11-02-2022,1720173263,956363985,747888827,9774452,4732111,123.45,68.63,53.67,3396,"Covaxin, Oxford/AstraZeneca, Sputnik V",Government of India,https://dashboard.cowin.gov.in/
India,IND,12-02-2022,1723371281,957047881,750185166,3198018,4313445,123.68,68.68,53.84,3096,"Covaxin, Oxford/AstraZeneca, Sputnik V",Government of India,https://dashboard.cowin.gov.in/
India,IND,13-02-2022,1727912049,958033046,753481207,4540768,4575122,124.01,68.75,54.07,3283,"Covaxin, Oxford/AstraZeneca, Sputnik V",Government of India,https://dashboard.cowin.gov.in/
India,IND,14-02-2022,1729729648,958462316,754746231,1817599,4811658,124.14,68.79,54.17,3453,"Covaxin, Oxford/AstraZeneca, Sputnik V",Government of India,https://dashboard.cowin.gov.in/
India,IND,15-02-2022,1736068837,959602131,759530099,6339189,4769921,124.59,68.87,54.51,3423,"Covaxin, Oxford/AstraZeneca, Sputnik V",Government of India,https://dashboard.cowin.gov.in/
India,IND,16-02-2022,1738650284,960091888,761473602,2581447,4089529,124.78,68.9,54.65,2935,"Covaxin, Oxford/AstraZeneca, Sputnik V",Government of India,https://dashboard.cowin.gov.in/
India,IND,17-02-2022,1743931966,961022242,765507484,5281682,4790451,125.16,68.97,54.94,3438,"Covaxin, Oxford/AstraZeneca, Sputnik V",Government of India,https://dashboard.cowin.gov.in/
India,IND,18-02-2022,1747936912,961693778,768626041,4004946,3966236,125.44,69.02,55.16,2846,"Covaxin, Oxford/AstraZeneca, Sputnik V",Government of India,https://dashboard.cowin.gov.in/
India,IND,19-02-2022,1751467446,962283459,771380004,3530534,4013738,125.7,69.06,55.36,2881,"Covaxin, Oxford/AstraZeneca, Sputnik V",Government of India,https://dashboard.cowin.gov.in/
India,IND,20-02-2022,1753406786,962616766,772901521,1939340,3642105,125.84,69.08,55.47,2614,"Covaxin, Oxford/AstraZeneca, Sputnik V",Government of India,https://dashboard.cowin.gov.in/
India,IND,21-02-2022,1755791055,962967313,774808452,2384269,3723058,126.01,69.11,55.61,2672,"Covaxin, Oxford/AstraZeneca, Sputnik V",Government of India,https://dashboard.cowin.gov.in/
India,IND,22-02-2022,1759523094,963517480,777816191,3732039,3350608,126.27,69.15,55.82,2405,"Covaxin, Oxford/AstraZeneca, Sputnik V",Government of India,https://dashboard.cowin.gov.in/
India,IND,23-02-2022,1761691159,963841804,779561195,2168065,3291554,126.43,69.17,55.95,2362,"Covaxin, Oxford/AstraZeneca, Sputnik V",Government of India,https://dashboard.cowin.gov.in/
India,IND,24-02-2022,1764970949,964304634,782222068,3279790,3005569,126.67,69.2,56.14,2157,"Covaxin, Oxford/AstraZeneca, Sputnik V",Government of India,https://dashboard.cowin.gov.in/
India,IND,25-02-2022,1768596814,964818498,785172630,3625865,2951415,126.93,69.24,56.35,2118,"Covaxin, Oxford/AstraZeneca, Sputnik V",Government of India,https://dashboard.cowin.gov.in/
India,IND,26-02-2022,1772317897,965336168,788213991,3721083,2978636,127.19,69.28,56.57,2138,"Covaxin, Oxford/AstraZeneca, Sputnik V",Government of India,https://dashboard.cowin.gov.in/
India,IND,27-02-2022,1773724815,965531308,789372639,1406918,2902576,127.29,69.29,56.65,2083,"Covaxin, Oxford/AstraZeneca, Sputnik V",Government of India,https://dashboard.cowin.gov.in/
India,IND,28-02-2022,1775178647,965733580,790556254,1453832,2769656,127.4,69.31,56.74,1988,"Covaxin, Oxford/AstraZeneca, Sputnik V",Government of India,https://dashboard.cowin.gov.in/
India,IND,01-03-2022,1776674379,965923463,791803734,1495732,2450184,127.51,69.32,56.82,1758,"Covaxin, Oxford/AstraZeneca, Sputnik V",Government of India,https://dashboard.cowin.gov.in/
India,IND,02-03-2022,1778253673,966125454,793112322,1579294,2366073,127.62,69.34,56.92,1698,"Covaxin, Oxford/AstraZeneca, Sputnik V",Government of India,https://dashboard.cowin.gov.in/
India,IND,03-03-2022,1781445039,966508496,795778169,3191366,2353441,127.85,69.36,57.11,1689,"Covaxin, Oxford/AstraZeneca, Sputnik V",Government of India,https://dashboard.cowin.gov.in/
India,IND,04-03-2022,1784081444,966810216,797997103,2636405,2212090,128.04,69.38,57.27,1588,"Covaxin, Oxford/AstraZeneca, Sputnik V",Government of India,https://dashboard.cowin.gov.in/
India,IND,05-03-2022,1786849348,967153861,800304849,2767904,2075922,128.24,69.41,57.44,1490,"Covaxin, Oxford/AstraZeneca, Sputnik V",Government of India,https://dashboard.cowin.gov.in/
India,IND,06-03-2022,1787845508,967279389,801141086,996160,2017242,128.31,69.42,57.5,1448,"Covaxin, Oxford/AstraZeneca, Sputnik V",Government of India,https://dashboard.cowin.gov.in/
India,IND,07-03-2022,1789317128,967460932,802358408,1471620,2019783,128.41,69.43,57.58,1450,"Covaxin, Oxford/AstraZeneca, Sputnik V",Government of India,https://dashboard.cowin.gov.in/
India,IND,08-03-2022,1791553063,967725805,804228336,2235935,2125526,128.57,69.45,57.72,1525,"Covaxin, Oxford/AstraZeneca, Sputnik V",Government of India,https://dashboard.cowin.gov.in/
India,IND,09-03-2022,1793520158,967946798,805886615,1967095,2180926,128.71,69.47,57.84,1565,"Covaxin, Oxford/AstraZeneca, Sputnik V",Government of India,https://dashboard.cowin.gov.in/
India,IND,10-03-2022,1795443790,968154309,807510151,1923632,1999822,128.85,69.48,57.95,1435,"Covaxin, Oxford/AstraZeneca, Sputnik V",Government of India,https://dashboard.cowin.gov.in/
India,IND,11-03-2022,1798217482,968454151,809861857,2773692,2019434,129.05,69.5,58.12,1449,"Covaxin, Oxford/AstraZeneca, Sputnik V",Government of India,https://dashboard.cowin.gov.in/
India,IND,12-03-2022,1799411716,968594304,810857880,1194234,1794624,129.14,69.51,58.19,1288,"Covaxin, Oxford/AstraZeneca, Sputnik V",Government of India,https://dashboard.cowin.gov.in/
India,IND,13-03-2022,1800720203,968738370,811980554,1308487,1839242,129.23,69.52,58.27,1320,"Covaxin, Oxford/AstraZeneca, Sputnik V",Government of India,https://dashboard.cowin.gov.in/
India,IND,14-03-2022,1802515613,968928555,813501336,1795410,1885498,129.36,69.54,58.38,1353,"Covaxin, Oxford/AstraZeneca, Sputnik V",Government of India,https://dashboard.cowin.gov.in/
India,IND,15-03-2022,1804173297,969097787,814906002,1657684,1802891,129.48,69.55,58.48,1294,"Covaxin, Oxford/AstraZeneca, Sputnik V",Government of India,https://dashboard.cowin.gov.in/
India,IND,16-03-2022,1806005751,969281482,816469839,1832454,1783656,129.61,69.56,58.6,1280,"Covaxin, Oxford/AstraZeneca, Sputnik V",Government of India,https://dashboard.cowin.gov.in/
India,IND,17-03-2022,1808015400,970008356,817667068,2009649,1795944,129.75,69.61,58.68,1289,"Covaxin, Oxford/AstraZeneca, Sputnik V",Government of India,https://dashboard.cowin.gov.in/
India,IND,18-03-2022,1809229692,970523455,818324294,1214292,1573173,129.84,69.65,58.73,1129,"Covaxin, Oxford/AstraZeneca, Sputnik V",Government of India,https://dashboard.cowin.gov.in/
India,IND,19-03-2022,1810472831,971067179,818968798,1243139,1580159,129.93,69.69,58.77,1134,"Covaxin, Oxford/AstraZeneca, Sputnik V",Government of India,https://dashboard.cowin.gov.in/
India,IND,20-03-2022,1811384731,971428124,819491293,911900,1523504,130,69.72,58.81,1093,"Covaxin, Oxford/AstraZeneca, Sputnik V",Government of India,https://dashboard.cowin.gov.in/
India,IND,21-03-2022,1813883509,972808865,820497326,2498778,1623985,130.18,69.82,58.88,1165,"Covaxin, Oxford/AstraZeneca, Sputnik V",Government of India,https://dashboard.cowin.gov.in/
India,IND,22-03-2022,1816439799,974339631,821413590,2556290,1752357,130.36,69.92,58.95,1258,"Covaxin, Oxford/AstraZeneca, Sputnik V",Government of India,https://dashboard.cowin.gov.in/
India,IND,23-03-2022,1820574288,976963865,822790602,4134489,2081220,130.66,70.11,59.05,1494,"Covaxin, Oxford/AstraZeneca, Sputnik V",Government of India,https://dashboard.cowin.gov.in/
India,IND,24-03-2022,1824268730,979236978,824066700,3694442,2321904,130.92,70.28,59.14,1666,"Covaxin, Oxford/AstraZeneca, Sputnik V",Government of India,https://dashboard.cowin.gov.in/
India,IND,25-03-2022,1826265830,980435665,824764568,1997100,2433734,131.06,70.36,59.19,1747,"Covaxin, Oxford/AstraZeneca, Sputnik V",Government of India,https://dashboard.cowin.gov.in/
India,IND,26-03-2022,1830285290,982687842,826360688,4019460,2830351,131.35,70.52,59.3,2031,"Covaxin, Oxford/AstraZeneca, Sputnik V",Government of India,https://dashboard.cowin.gov.in/
India,IND,27-03-2022,1831347741,983190780,826884564,1062451,2851859,131.43,70.56,59.34,2047,"Covaxin, Oxford/AstraZeneca, Sputnik V",Government of India,https://dashboard.cowin.gov.in/
India,IND,28-03-2022,1833040014,984051283,827610878,1692273,2736644,131.55,70.62,59.39,1964,"Covaxin, Oxford/AstraZeneca, Sputnik V",Government of India,https://dashboard.cowin.gov.in/
India,IND,29-03-2022,1834500657,984838143,828229455,1460643,2580123,131.66,70.68,59.44,1852,"Covaxin, Oxford/AstraZeneca, Sputnik V",Government of India,https://dashboard.cowin.gov.in/
